"history_times","mean","HDIlow","HDIup"
27.59052,0.376106194690265,0,2
20.59052,3.55530973451327,0,9
13.59052,15.7101769911504,6,27
6.590517,40.6858407079646,27,57
-0.4094828,91.5818584070797,71,113
-7.409483,15.4402654867257,9,24
