"history_times","mean","HDIlow","HDIup"
27.59052,0.55,0,1
20.59052,2.55,0,7
13.59052,13.65,6,21
6.590517,37.55,19,52
-0.4094828,91.45,71,123
-7.409483,15.15,9,22
